icon_name,icon_fa,icon_code,campusid
glass,fa fa-glass,&#xf000;,1
music,fa fa-music,&#xf001;,1
search,fa fa-search,&#xf002;,1
envelope-o,fa fa-envelope-o,&#xf003;,1
heart,fa fa-heart,&#xf004;,1
star,fa fa-star,&#xf005;,1
star-o,fa fa-star-o,&#xf006;,1
user,fa fa-user,&#xf007;,1
film,fa fa-film,&#xf008;,1
th-large,fa fa-th-large,&#xf009;,1
th,fa fa-th,&#xf00a;,1
th-list,fa fa-th-list,&#xf00b;,1
check,fa fa-check,&#xf00c;,1
times,fa fa-times,&#xf00d;,1
search-plus,fa fa-search-plus,&#xf00e;,1
search-minus,fa fa-search-minus,&#xf010;,1
power-off,fa fa-power-off,&#xf011;,1
signal,fa fa-signal,&#xf012;,1
cog,fa fa-cog,&#xf013;,1
trash-o,fa fa-trash-o,&#xf014;,1
home,fa fa-home,&#xf015;,1
file-o,fa fa-file-o,&#xf016;,1
clock-o,fa fa-clock-o,&#xf017;,1
road,fa fa-road,&#xf018;,1
download,fa fa-download,&#xf019;,1
arrow-circle-o-down,fa fa-arrow-circle-o-down,&#xf01a;,1
arrow-circle-o-up,fa fa-arrow-circle-o-up,&#xf01b;,1
inbox,fa fa-inbox,&#xf01c;,1
play-circle-o,fa fa-play-circle-o,&#xf01d;,1
repeat,fa fa-repeat,&#xf01e;,1
refresh,fa fa-refresh,&#xf021;,1
list-alt,fa fa-list-alt,&#xf022;,1
lock,fa fa-lock,&#xf023;,1
flag,fa fa-flag,&#xf024;,1
headphones,fa fa-headphones,&#xf025;,1
volume-off,fa fa-volume-off,&#xf026;,1
volume-down,fa fa-volume-down,&#xf027;,1
volume-up,fa fa-volume-up,&#xf028;,1
qrcode,fa fa-qrcode,&#xf029;,1
barcode,fa fa-barcode,&#xf02a;,1
tag,fa fa-tag,&#xf02b;,1
tags,fa fa-tags,&#xf02c;,1
book,fa fa-book,&#xf02d;,1
bookmark,fa fa-bookmark,&#xf02e;,1
print,fa fa-print,&#xf02f;,1
camera,fa fa-camera,&#xf030;,1
font,fa fa-font,&#xf031;,1
bold,fa fa-bold,&#xf032;,1
italic,fa fa-italic,&#xf033;,1
text-height,fa fa-text-height,&#xf034;,1
text-width,fa fa-text-width,&#xf035;,1
align-left,fa fa-align-left,&#xf036;,1
align-center,fa fa-align-center,&#xf037;,1
align-right,fa fa-align-right,&#xf038;,1
align-justify,fa fa-align-justify,&#xf039;,1
list,fa fa-list,&#xf03a;,1
outdent,fa fa-outdent,&#xf03b;,1
indent,fa fa-indent,&#xf03c;,1
video-camera,fa fa-video-camera,&#xf03d;,1
picture-o,fa fa-picture-o,&#xf03e;,1
pencil,fa fa-pencil,&#xf040;,1
map-marker,fa fa-map-marker,&#xf041;,1
adjust,fa fa-adjust,&#xf042;,1
tint,fa fa-tint,&#xf043;,1
pencil-square-o,fa fa-pencil-square-o,&#xf044;,1
share-square-o,fa fa-share-square-o,&#xf045;,1
check-square-o,fa fa-check-square-o,&#xf046;,1
arrows,fa fa-arrows,&#xf047;,1
step-backward,fa fa-step-backward,&#xf048;,1
fast-backward,fa fa-fast-backward,&#xf049;,1
backward,fa fa-backward,&#xf04a;,1
play,fa fa-play,&#xf04b;,1
pause,fa fa-pause,&#xf04c;,1
stop,fa fa-stop,&#xf04d;,1
forward,fa fa-forward,&#xf04e;,1
fast-forward,fa fa-fast-forward,&#xf050;,1
step-forward,fa fa-step-forward,&#xf051;,1
eject,fa fa-eject,&#xf052;,1
chevron-left,fa fa-chevron-left,&#xf053;,1
chevron-right,fa fa-chevron-right,&#xf054;,1
plus-circle,fa fa-plus-circle,&#xf055;,1
minus-circle,fa fa-minus-circle,&#xf056;,1
times-circle,fa fa-times-circle,&#xf057;,1
check-circle,fa fa-check-circle,&#xf058;,1
question-circle,fa fa-question-circle,&#xf059;,1
info-circle,fa fa-info-circle,&#xf05a;,1
crosshairs,fa fa-crosshairs,&#xf05b;,1
times-circle-o,fa fa-times-circle-o,&#xf05c;,1
check-circle-o,fa fa-check-circle-o,&#xf05d;,1
ban,fa fa-ban,&#xf05e;,1
arrow-left,fa fa-arrow-left,&#xf060;,1
arrow-right,fa fa-arrow-right,&#xf061;,1
arrow-up,fa fa-arrow-up,&#xf062;,1
arrow-down,fa fa-arrow-down,&#xf063;,1
share,fa fa-share,&#xf064;,1
expand,fa fa-expand,&#xf065;,1
compress,fa fa-compress,&#xf066;,1
plus,fa fa-plus,&#xf067;,1
minus,fa fa-minus,&#xf068;,1
asterisk,fa fa-asterisk,&#xf069;,1
exclamation-circle,fa fa-exclamation-circle,&#xf06a;,1
gift,fa fa-gift,&#xf06b;,1
leaf,fa fa-leaf,&#xf06c;,1
fire,fa fa-fire,&#xf06d;,1
eye,fa fa-eye,&#xf06e;,1
eye-slash,fa fa-eye-slash,&#xf070;,1
exclamation-triangle,fa fa-exclamation-triangle,&#xf071;,1
plane,fa fa-plane,&#xf072;,1
calendar,fa fa-calendar,&#xf073;,1
random,fa fa-random,&#xf074;,1
comment,fa fa-comment,&#xf075;,1
magnet,fa fa-magnet,&#xf076;,1
chevron-up,fa fa-chevron-up,&#xf077;,1
chevron-down,fa fa-chevron-down,&#xf078;,1
retweet,fa fa-retweet,&#xf079;,1
shopping-cart,fa fa-shopping-cart,&#xf07a;,1
folder,fa fa-folder,&#xf07b;,1
folder-open,fa fa-folder-open,&#xf07c;,1
arrows-v,fa fa-arrows-v,&#xf07d;,1
arrows-h,fa fa-arrows-h,&#xf07e;,1
bar-chart,fa fa-bar-chart,&#xf080;,1
twitter-square,fa fa-twitter-square,&#xf081;,1
facebook-square,fa fa-facebook-square,&#xf082;,1
camera-retro,fa fa-camera-retro,&#xf083;,1
key,fa fa-key,&#xf084;,1
cogs,fa fa-cogs,&#xf085;,1
comments,fa fa-comments,&#xf086;,1
thumbs-up,fa fa-thumbs-o-up,&#xf087;,1
thumbs-o-down,fa fa-thumbs-o-down,&#xf088;,1
star-half,fa fa-star-half,&#xf089;,1
heart-o,fa fa-heart-o,&#xf08a;,1
sign-out,fa fa-sign-out,&#xf08b;,1
linkedin-square,fa fa-linkedin-square,&#xf08c;,1
thumb-tack,fa fa-thumb-tack,&#xf08d;,1
external-link,fa fa-external-link,&#xf08e;,1
sign-in,fa fa-sign-in,&#xf090;,1
trophy,fa fa-trophy,&#xf091;,1
github-square,fa fa-github-square,&#xf092;,1
upload,fa fa-upload,&#xf093;,1
lemon-o,fa fa-lemon-o,&#xf094;,1
phone,fa fa-phone,&#xf095;,1
square-o,fa fa-square-o,&#xf096;,1
bookmark-o,fa fa-bookmark-o,&#xf097;,1
phone-square,fa fa-phone-square,&#xf098;,1
twitter,fa fa-twitter,&#xf099;,1
facebook,fa fa-facebook,&#xf09a;,1
github,fa fa-github,&#xf09b;,1
unlock,fa fa-unlock,&#xf09c;,1
credit-card,fa fa-credit-card,&#xf09d;,1
rss,fa fa-rss,&#xf09e;,1
hdd-o,fa fa-hdd-o,&#xf0a0;,1
bullhorn,fa fa-bullhorn,&#xf0a1;,1
bell,fa fa-bell,&#xf0f3;,1
certificate,fa fa-certificate,&#xf0a3;,1
hand-o-right,fa fa-hand-o-right,&#xf0a4;,1
hand-o-left,fa fa-hand-o-left,&#xf0a5;,1
hand-o-up,fa fa-hand-o-up,&#xf0a6;,1
hand-o-down,fa fa-hand-o-down,&#xf0a7;,1
arrow-circle-left,fa fa-arrow-circle-left,&#xf0a8;,1
arrow-circle-right,fa fa-arrow-circle-right,&#xf0a9;,1
arrow-circle-up,fa fa-arrow-circle-up,&#xf0aa;,1
arrow-circle-down,fa fa-arrow-circle-down,&#xf0ab;,1
globe,fa fa-globe,&#xf0ac;,1
wrench,fa fa-wrench,&#xf0ad;,1
tasks,fa fa-tasks,&#xf0ae;,1
filter,fa fa-filter,&#xf0b0;,1
briefcase,fa fa-briefcase,&#xf0b1;,1
arrows-alt,fa fa-arrows-alt,&#xf0b2;,1
users,fa fa-users,&#xf0c0;,1
link,fa fa-link,&#xf0c1;,1
cloud,fa fa-cloud,&#xf0c2;,1
flask,fa fa-flask,&#xf0c3;,1
scissors,fa fa-scissors,&#xf0c4;,1
files-o,fa fa-files-o,&#xf0c5;,1
paperclip,fa fa-paperclip,&#xf0c6;,1
floppy-o,fa fa-floppy-o,&#xf0c7;,1
square,fa fa-square,&#xf0c8;,1
bars,fa fa-bars,&#xf0c9;,1
list-ul,fa fa-list-ul,&#xf0ca;,1
list-ol,fa fa-list-ol,&#xf0cb;,1
strikethrough,fa fa-strikethrough,&#xf0cc;,1
underline,fa fa-underline,&#xf0cd;,1
table,fa fa-table,&#xf0ce;,1
magic,fa fa-magic,&#xf0d0;,1
truck,fa fa-truck,&#xf0d1;,1
pinterest,fa fa-pinterest,&#xf0d2;,1
pinterest-square,fa fa-pinterest-square,&#xf0d3;,1
google-plus-square,fa fa-google-plus-square,&#xf0d4;,1
google-square,fa fa-google-plus,&#xf0d5;,1
money,fa fa-money,&#xf0d6;,1
caret-down,fa fa-caret-down,&#xf0d7;,1
caret-up,fa fa-caret-up,&#xf0d8;,1
caret-left,fa fa-caret-left,&#xf0d9;,1
caret-right,fa fa-caret-right,&#xf0da;,1
columns,fa fa-columns,&#xf0db;,1
sort,fa fa-sort,&#xf0dc;,1
sort-desc,fa fa-sort-desc,&#xf0dd;,1
sort-asc,fa fa-sort-asc,&#xf0de;,1
envelope,fa fa-envelope,&#xf0e0;,1
linkedin,fa fa-linkedin,&#xf0e1;,1
undo,fa fa-undo,&#xf0e2;,1
gavel,fa fa-gavel,&#xf0e3;,1
tachometer,fa fa-tachometer,&#xf0e4;,1
comment-o,fa fa-comment-o,&#xf0e5;,1
comments-o,fa fa-comments-o,&#xf0e6;,1
bolt,fa fa-bolt,&#xf0e7;,1
sitemap,fa fa-sitemap,&#xf0e8;,1
umbrella,fa fa-umbrella,&#xf0e9;,1
clipboard,fa fa-clipboard,&#xf0ea;,1
lightbulb-o,fa fa-lightbulb-o,&#xf0eb;,1
exchange,fa fa-exchange,&#xf0ec;,1
cloud-download,fa fa-cloud-download,&#xf0ed;,1
cloud-upload,fa fa-cloud-upload,&#xf0ee;,1
user-md,fa fa-user-md,&#xf0f0;,1
stethoscope,fa fa-stethoscope,&#xf0f1;,1
suitcase,fa fa-suitcase,&#xf0f2;,1
bell-o,fa fa-bell-o,&#xf0a2;,1
coffee,fa fa-coffee,&#xf0f4;,1
cutlery,fa fa-cutlery,&#xf0f5;,1
file-text-o,fa fa-file-text-o,&#xf0f6;,1
building-o,fa fa-building-o,&#xf0f7;,1
hospital-o,fa fa-hospital-o,&#xf0f8;,1
ambulance,fa fa-ambulance,&#xf0f9;,1
medkit,fa fa-medkit,&#xf0fa;,1
fighter-jet,fa fa-fighter-jet,&#xf0fb;,1
beer,fa fa-beer,&#xf0fc;,1
h-square,fa fa-h-square,&#xf0fd;,1
plus-square,fa fa-plus-square,&#xf0fe;,1
angle-double-left,fa fa-angle-double-left,&#xf100;,1
angle-double-right,fa fa-angle-double-right,&#xf101;,1
angle-double-up,fa fa-angle-double-up,&#xf102;,1
angle-double-down,fa fa-angle-double-down,&#xf103;,1
angle-left,fa fa-angle-left,&#xf104;,1
angle-right,fa fa-angle-right,&#xf105;,1
angle-up,fa fa-angle-up,&#xf106;,1
angle-down,fa fa-angle-down,&#xf107;,1
desktop,fa fa-desktop,&#xf108;,1
laptop,fa fa-laptop,&#xf109;,1
tablet,fa fa-tablet,&#xf10a;,1
mobile,fa fa-mobile,&#xf10b;,1
circle-o,fa fa-circle-o,&#xf10c;,1
quote-left,fa fa-quote-left,&#xf10d;,1
quote-right,fa fa-quote-right,&#xf10e;,1
spinner,fa fa-spinner,&#xf110;,1
circle,fa fa-circle,&#xf111;,1
reply,fa fa-reply,&#xf112;,1
github-alt,fa fa-github-alt,&#xf113;,1
folder-o,fa fa-folder-o,&#xf114;,1
folder-open-o,fa fa-folder-open-o,&#xf115;,1
smile-o,fa fa-smile-o,&#xf118;,1
frown-o,fa fa-frown-o,&#xf119;,1
meh-o,fa fa-meh-o,&#xf11a;,1
gamepad,fa fa-gamepad,&#xf11b;,1
keyboard-o,fa fa-keyboard-o,&#xf11c;,1
flag-o,fa fa-flag-o,&#xf11d;,1
flag-checkered,fa fa-flag-checkered,&#xf11e;,1
terminal,fa fa-terminal,&#xf120;,1
code,fa fa-code,&#xf121;,1
reply-all,fa fa-reply-all,&#xf122;,1
star-half-o,fa fa-star-half-o,&#xf123;,1
location-arrow,fa fa-location-arrow,&#xf124;,1
crop,fa fa-crop,&#xf125;,1
code-fork,fa fa-code-fork,&#xf126;,1
chain-broken,fa fa-chain-broken,&#xf127;,1
question,fa fa-question,&#xf128;,1
info,fa fa-info,&#xf129;,1
exclamation,fa fa-exclamation,&#xf12a;,1
superscript,fa fa-superscript,&#xf12b;,1
subscript,fa fa-subscript,&#xf12c;,1
eraser,fa fa-eraser,&#xf12d;,1
puzzle-piece,fa fa-puzzle-piece,&#xf12e;,1
microphone,fa fa-microphone,&#xf130;,1
microphone-slash,fa fa-microphone-slash,&#xf131;,1
shield,fa fa-shield,&#xf132;,1
calendar-o,fa fa-calendar-o,&#xf133;,1
fire-extinguisher,fa fa-fire-extinguisher,&#xf134;,1
rocket,fa fa-rocket,&#xf135;,1
maxcdn,fa fa-maxcdn,&#xf136;,1
chevron-circle-left,fa fa-chevron-circle-left,&#xf137;,1
chevron-circle-right,fa fa-chevron-circle-right,&#xf138;,1
chevron-circle-up,fa fa-chevron-circle-up,&#xf139;,1
chevron-circle-down,fa fa-chevron-circle-down,&#xf13a;,1
html5,fa fa-html5,&#xf13b;,1
css3,fa fa-css3,&#xf13c;,1
anchor,fa fa-anchor,&#xf13d;,1
unlock-alt,fa fa-unlock-alt,&#xf13e;,1
bullseye,fa fa-bullseye,&#xf140;,1
ellipsis-h,fa fa-ellipsis-h,&#xf141;,1
ellipsis-v,fa fa-ellipsis-v,&#xf142;,1
rss-square,fa fa-rss-square,&#xf143;,1
play-circle,fa fa-play-circle,&#xf144;,1
ticket,fa fa-ticket,&#xf145;,1
minus-square,fa fa-minus-square,&#xf146;,1
minus-square-o,fa fa-minus-square-o,&#xf147;,1
level-up,fa fa-level-up,&#xf148;,1
level-down,fa fa-level-down,&#xf149;,1
check-square,fa fa-check-square,&#xf14a;,1
pencil-square,fa fa-pencil-square,&#xf14b;,1
external-link-square,fa fa-external-link-square,&#xf14c;,1
share-square,fa fa-share-square,&#xf14d;,1
compass,fa fa-compass,&#xf14e;,1
caret-square-o-down,fa fa-caret-square-o-down,&#xf150;,1
caret-square-o-up,fa fa-caret-square-o-up,&#xf151;,1
caret-square-o-right,fa fa-caret-square-o-right,&#xf152;,1
eur,fa fa-eur,&#xf153;,1
gbp,fa fa-gbp,&#xf154;,1
usd,fa fa-usd,&#xf155;,1
inr,fa fa-inr,&#xf156;,1
jpy,fa fa-jpy,&#xf157;,1
rub,fa fa-rub,&#xf158;,1
krw,fa fa-krw,&#xf159;,1
btc,fa fa-btc,&#xf15a;,1
file,fa fa-file,&#xf15b;,1
file-text,fa fa-file-text,&#xf15c;,1
sort-alpha-asc,fa fa-sort-alpha-asc,&#xf15d;,1
sort-alpha-desc,fa fa-sort-alpha-desc,&#xf15e;,1
sort-amount-asc,fa fa-sort-amount-asc,&#xf160;,1
sort-amount-desc,fa fa-sort-amount-desc,&#xf161;,1
sort-numeric-asc,fa fa-sort-numeric-asc,&#xf162;,1
sort-numeric-desc,fa fa-sort-numeric-desc,&#xf163;,1
thumbs-thumbs-up,fa fa-thumbs-up,&#xf164;,1
thumbs-down,fa fa-thumbs-down,&#xf165;,1
youtube-square,fa fa-youtube-square,&#xf166;,1
youtube,fa fa-youtube,&#xf167;,1
xing,fa fa-xing,&#xf168;,1
xing-square,fa fa-xing-square,&#xf169;,1
youtube-play,fa fa-youtube-play,&#xf16a;,1
dropbox,fa fa-dropbox,&#xf16b;,1
stack,fa fa-stack-overflow,&#xf16c;,1
instagram,fa fa-instagram,&#xf16d;,1
flickr,fa fa-flickr,&#xf16e;,1
adn,fa fa-adn,&#xf170;,1
bitbucket,fa fa-bitbucket,&#xf171;,1
bitbucket-square,fa fa-bitbucket-square,&#xf172;,1
tumblr,fa fa-tumblr,&#xf173;,1
tumblr-square,fa fa-tumblr-square,&#xf174;,1
long-arrow-down,fa fa-long-arrow-down,&#xf175;,1
long-arrow-up,fa fa-long-arrow-up,&#xf176;,1
long-arrow-left,fa fa-long-arrow-left,&#xf177;,1
long-arrow-right,fa fa-long-arrow-right,&#xf178;,1
apple,fa fa-apple,&#xf179;,1
windows,fa fa-windows,&#xf17a;,1
android,fa fa-android,&#xf17b;,1
linux,fa fa-linux,&#xf17c;,1
dribbble,fa fa-dribbble,&#xf17d;,1
skype,fa fa-skype,&#xf17e;,1
foursquare,fa fa-foursquare,&#xf180;,1
trello,fa fa-trello,&#xf181;,1
female,fa fa-female,&#xf182;,1
male,fa fa-male,&#xf183;,1
gratipay,fa fa-gratipay,&#xf184;,1
sun-o,fa fa-sun-o,&#xf185;,1
moon-o,fa fa-moon-o,&#xf186;,1
archive,fa fa-archive,&#xf187;,1
bug,fa fa-bug,&#xf188;,1
vk,fa fa-vk,&#xf189;,1
weibo,fa fa-weibo,&#xf18a;,1
renren,fa fa-renren,&#xf18b;,1
pagelines,fa fa-pagelines,&#xf18c;,1
stack-exchange,fa fa-stack-exchange,&#xf18d;,1
arrow-circle-o-right,fa fa-arrow-circle-o-right,&#xf18e;,1
arrow-circle-o-left,fa fa-arrow-circle-o-left,&#xf190;,1
caret-square-o-left,fa fa-caret-square-o-left,&#xf191;,1
dot-circle-o,fa fa-dot-circle-o,&#xf192;,1
wheelchair,fa fa-wheelchair,&#xf193;,1
vimeo-square,fa fa-vimeo-square,&#xf194;,1
try,fa fa-try,&#xf195;,1
plus-square-o,fa fa-plus-square-o,&#xf196;,1
space-shuttle,fa fa-space-shuttle,&#xf197;,1
slack,fa fa-slack,&#xf198;,1
envelope-square,fa fa-envelope-square,&#xf199;,1
wordpress,fa fa-wordpress,&#xf19a;,1
openid,fa fa-openid,&#xf19b;,1
university,fa fa-university,&#xf19c;,1
graduation-cap,fa fa-graduation-cap,&#xf19d;,1
yahoo,fa fa-yahoo,&#xf19e;,1
google,fa fa-google,&#xf1a0;,1
reddit,fa fa-reddit,&#xf1a1;,1
reddit-square,fa fa-reddit-square,&#xf1a2;,1
stumbleupon-circle,fa fa-stumbleupon-circle,&#xf1a3;,1
stumbleupon,fa fa-stumbleupon,&#xf1a4;,1
delicious,fa fa-delicious,&#xf1a5;,1
digg,fa fa-digg,&#xf1a6;,1
piedpied-piper,fa fa-pied-piper,&#xf1a7;,1
pied-piper-alt,fa fa-pied-piper-alt,&#xf1a8;,1
drupal,fa fa-drupal,&#xf1a9;,1
joomla,fa fa-joomla,&#xf1aa;,1
language,fa fa-language,&#xf1ab;,1
fax,fa fa-fax,&#xf1ac;,1
building,fa fa-building,&#xf1ad;,1
child,fa fa-child,&#xf1ae;,1
paw,fa fa-paw,&#xf1b0;,1
spoon,fa fa-spoon,&#xf1b1;,1
cube,fa fa-cube,&#xf1b2;,1
cubes,fa fa-cubes,&#xf1b3;,1
behance,fa fa-behance,&#xf1b4;,1
behance-square,fa fa-behance-square,&#xf1b5;,1
steam,fa fa-steam,&#xf1b6;,1
steam,fa fa-steam-square,&#xf1b7;,1
recycle,fa fa-recycle,&#xf1b8;,1
car,fa fa-car,&#xf1b9;,1
taxi,fa fa-taxi,&#xf1ba;,1
tree,fa fa-tree,&#xf1bb;,1
spotify,fa fa-spotify,&#xf1bc;,1
deviantart,fa fa-deviantart,&#xf1bd;,1
soundcloud,fa fa-soundcloud,&#xf1be;,1
database,fa fa-database,&#xf1c0;,1
file-pdf-o,fa fa-file-pdf-o,&#xf1c1;,1
file-word-o,fa fa-file-word-o,&#xf1c2;,1
file-excel-o,fa fa-file-excel-o,&#xf1c3;,1
file-powerpoint-o,fa fa-file-powerpoint-o,&#xf1c4;,1
file-image-o,fa fa-file-image-o,&#xf1c5;,1
file-archive-o,fa fa-file-archive-o,&#xf1c6;,1
file-audio-o,fa fa-file-audio-o,&#xf1c7;,1
file-video-o,fa fa-file-video-o,&#xf1c8;,1
file-code-o,fa fa-file-code-o,&#xf1c9;,1
vine,fa fa-vine,&#xf1ca;,1
codepen,fa fa-codepen,&#xf1cb;,1
jsfiddle,fa fa-jsfiddle,&#xf1cc;,1
life-ring,fa fa-life-ring,&#xf1cd;,1
circle-o-notch,fa fa-circle-o-notch,&#xf1ce;,1
rebel,fa fa-rebel,&#xf1d0;,1
empire,fa fa-empire,&#xf1d1;,1
git,fa fa-git-square,&#xf1d2;,1
git,fa fa-git,&#xf1d3;,1
hacker-news,fa fa-hacker-news,&#xf1d4;,1
tencent-weibo,fa fa-tencent-weibo,&#xf1d5;,1
qq,fa fa-qq,&#xf1d6;,1
weixin,fa fa-weixin,&#xf1d7;,1
paper-plane,fa fa-paper-plane,&#xf1d8;,1
paper-plane-o,fa fa-paper-plane-o,&#xf1d9;,1
history,fa fa-history,&#xf1da;,1
circle-thin,fa fa-circle-thin,&#xf1db;,1
header,fa fa-header,&#xf1dc;,1
paragraph,fa fa-paragraph,&#xf1dd;,1
sliders,fa fa-sliders,&#xf1de;,1
share-alt,fa fa-share-alt,&#xf1e0;,1
share-alt-square,fa fa-share-alt-square,&#xf1e1;,1
bomb,fa fa-bomb,&#xf1e2;,1
futbol-o,fa fa-futbol-o,&#xf1e3;,1
tty,fa fa-tty,&#xf1e4;,1
binoculars,fa fa-binoculars,&#xf1e5;,1
plug,fa fa-plug,&#xf1e6;,1
slideshare,fa fa-slideshare,&#xf1e7;,1
twitch,fa fa-twitch,&#xf1e8;,1
yelp,fa fa-yelp,&#xf1e9;,1
newspaper-o,fa fa-newspaper-o,&#xf1ea;,1
wifi,fa fa-wifi,&#xf1eb;,1
calculator,fa fa-calculator,&#xf1ec;,1
paypal,fa fa-paypal,&#xf1ed;,1
google-wallet,fa fa-google-wallet,&#xf1ee;,1
cc-visa,fa fa-cc-visa,&#xf1f0;,1
cc-mastercard,fa fa-cc-mastercard,&#xf1f1;,1
cc-discover,fa fa-cc-discover,&#xf1f2;,1
cc-amex,fa fa-cc-amex,&#xf1f3;,1
cc-paypal,fa fa-cc-paypal,&#xf1f4;,1
cc-stripe,fa fa-cc-stripe,&#xf1f5;,1
bell-slash,fa fa-bell-slash,&#xf1f6;,1
bell-slash-o,fa fa-bell-slash-o,&#xf1f7;,1
trash,fa fa-trash,&#xf1f8;,1
copyright,fa fa-copyright,&#xf1f9;,1
at,fa fa-at,&#xf1fa;,1
eyedropper,fa fa-eyedropper,&#xf1fb;,1
paint-brush,fa fa-paint-brush,&#xf1fc;,1
birthday-cake,fa fa-birthday-cake,&#xf1fd;,1
area-chart,fa fa-area-chart,&#xf1fe;,1
pie-chart,fa fa-pie-chart,&#xf200;,1
line-chart,fa fa-line-chart,&#xf201;,1
lastfm,fa fa-lastfm,&#xf202;,1
lastfm-square,fa fa-lastfm-square,&#xf203;,1
toggle-off,fa fa-toggle-off,&#xf204;,1
toggle-on,fa fa-toggle-on,&#xf205;,1
bicycle,fa fa-bicycle,&#xf206;,1
bus,fa fa-bus,&#xf207;,1
ioxhost,fa fa-ioxhost,&#xf208;,1
angellist,fa fa-angellist,&#xf209;,1
cc,fa fa-cc,&#xf20a;,1
ils,fa fa-ils,&#xf20b;,1
meanpath,fa fa-meanpath,&#xf20c;,1
buysellads,fa fa-buysellads,&#xf20d;,1
connectdevelop,fa fa-connectdevelop,&#xf20e;,1
dashcube,fa fa-dashcube,&#xf210;,1
forumbee,fa fa-forumbee,&#xf211;,1
leanpub,fa fa-leanpub,&#xf212;,1
sellsy,fa fa-sellsy,&#xf213;,1
shirtsinbulk,fa fa-shirtsinbulk,&#xf214;,1
simplybuilt,fa fa-simplybuilt,&#xf215;,1
skyatlas,fa fa-skyatlas,&#xf216;,1
cart-plus,fa fa-cart-plus,&#xf217;,1
cart-arrow-down,fa fa-cart-arrow-down,&#xf218;,1
diamond,fa fa-diamond,&#xf219;,1
ship,fa fa-ship,&#xf21a;,1
user-secret,fa fa-user-secret,&#xf21b;,1
motorcycle,fa fa-motorcycle,&#xf21c;,1
street-view,fa fa-street-view,&#xf21d;,1
heartbeat,fa fa-heartbeat,&#xf21e;,1
venus,fa fa-venus,&#xf221;,1
mars,fa fa-mars,&#xf222;,1
mercury,fa fa-mercury,&#xf223;,1
transgender,fa fa-transgender,&#xf224;,1
transgender-alt,fa fa-transgender-alt,&#xf225;,1
venus-double,fa fa-venus-double,&#xf226;,1
mars-double,fa fa-mars-double,&#xf227;,1
venus-mars,fa fa-venus-mars,&#xf228;,1
mars-stroke,fa fa-mars-stroke,&#xf229;,1
mars-stroke-v,fa fa-mars-stroke-v,&#xf22a;,1
mars-stroke-h,fa fa-mars-stroke-h,&#xf22b;,1
neuter,fa fa-neuter,&#xf22c;,1
genderless,fa fa-genderless,&#xf22d;,1
facebook-official,fa fa-facebook-official,&#xf230;,1
pinterest-p,fa fa-pinterest-p,&#xf231;,1
whatsapp,fa fa-whatsapp,&#xf232;,1
server,fa fa-server,&#xf233;,1
user-plus,fa fa-user-plus,&#xf234;,1
user-times,fa fa-user-times,&#xf235;,1
bed,fa fa-bed,&#xf236;,1
viacoin,fa fa-viacoin,&#xf237;,1
train,fa fa-train,&#xf238;,1
subway,fa fa-subway,&#xf239;,1
medium,fa fa-medium,&#xf23a;,1
y-combinator,fa fa-y-combinator,&#xf23b;,1
optin-monster,fa fa-optin-monster,&#xf23c;,1
opencart,fa fa-opencart,&#xf23d;,1
expeditedssl,fa fa-expeditedssl,&#xf23e;,1
battery-full,fa fa-battery-full,&#xf240;,1
battery-three-quarters,fa fa-battery-three-quarters,&#xf241;,1
battery-half,fa fa-battery-half,&#xf242;,1
battery-quarter,fa fa-battery-quarter,&#xf243;,1
battery-empty,fa fa-battery-empty,&#xf244;,1
mouse-pointer,fa fa-mouse-pointer,&#xf245;,1
i-cursor,fa fa-i-cursor,&#xf246;,1
object-group,fa fa-object-group,&#xf247;,1
object-ungroup,fa fa-object-ungroup,&#xf248;,1
sticky-note,fa fa-sticky-note,&#xf249;,1
sticky-note-o,fa fa-sticky-note-o,&#xf24a;,1
cc-jcb,fa fa-cc-jcb,&#xf24b;,1
cc-diners-club,fa fa-cc-diners-club,&#xf24c;,1
clone,fa fa-clone,&#xf24d;,1
balance-scale,fa fa-balance-scale,&#xf24e;,1
hourglass-o,fa fa-hourglass-o,&#xf250;,1
hourglass-start,fa fa-hourglass-start,&#xf251;,1
hourglass-half,fa fa-hourglass-half,&#xf252;,1
hourglass-end,fa fa-hourglass-end,&#xf253;,1
hourglass,fa fa-hourglass,&#xf254;,1
hand-rock-o,fa fa-hand-rock-o,&#xf255;,1
hand-paper-o,fa fa-hand-paper-o,&#xf256;,1
hand-scissors-o,fa fa-hand-scissors-o,&#xf257;,1
hand-lizard-o,fa fa-hand-lizard-o,&#xf258;,1
hand-spock-o,fa fa-hand-spock-o,&#xf259;,1
hand-pointer-o,fa fa-hand-pointer-o,&#xf25a;,1
hand-peace-o,fa fa-hand-peace-o,&#xf25b;,1
trademark,fa fa-trademark,&#xf25c;,1
registered,fa fa-registered,&#xf25d;,1
creative-commons,fa fa-creative-commons,&#xf25e;,1
gg,fa fa-gg,&#xf260;,1
gg,fa fa-gg-circle,&#xf261;,1
tripadvisor,fa fa-tripadvisor,&#xf262;,1
odnoklassniki,fa fa-odnoklassniki,&#xf263;,1
odnoklassniki-square,fa fa-odnoklassniki-square,&#xf264;,1
get-pocket,fa fa-get-pocket,&#xf265;,1
wikipedia-w,fa fa-wikipedia-w,&#xf266;,1
safari,fa fa-safari,&#xf267;,1
chrome,fa fa-chrome,&#xf268;,1
firefox,fa fa-firefox,&#xf269;,1
opera,fa fa-opera,&#xf26a;,1
internet-explorer,fa fa-internet-explorer,&#xf26b;,1
television,fa fa-television,&#xf26c;,1
contao,fa fa-contao,&#xf26d;,1
500px,fa fa-500px,&#xf26e;,1
amazon,fa fa-amazon,&#xf270;,1
calendar-plus-o,fa fa-calendar-plus-o,&#xf271;,1
calendar-minus-o,fa fa-calendar-minus-o,&#xf272;,1
calendar-times-o,fa fa-calendar-times-o,&#xf273;,1
calendar-check-o,fa fa-calendar-check-o,&#xf274;,1
industry,fa fa-industry,&#xf275;,1
map-pin,fa fa-map-pin,&#xf276;,1
map-signs,fa fa-map-signs,&#xf277;,1
map-o,fa fa-map-o,&#xf278;,1
map,fa fa-map,&#xf279;,1
commenting,fa fa-commenting,&#xf27a;,1
commenting-o,fa fa-commenting-o,&#xf27b;,1
houzz,fa fa-houzz,&#xf27c;,1
vimeo,fa fa-vimeo,&#xf27d;,1
black-tie,fa fa-black-tie,&#xf27e;,1
fonticons,fa fa-fonticons,&#xf280;,1
